Item,Pack,Brand,QTY
200ml-7 Up,200ml,7 Up,
200ml-7UP Lite,200ml,7UP Lite,
200ml-Cream Soda,200ml,Cream Soda,
200ml-Ginger Beer,200ml,Ginger Beer,
200ml-Mirinda Orange ,200ml,Mirinda Orange ,
200ml-Mountain Dew,200ml,Mountain Dew,
200ml-Pepsi,200ml,Pepsi,
200ml-STING,200ml,STING,
200ml-Zingo,200ml,Zingo,
207ml-7 Up,207ml,7 Up,
207ml-7UP Lite,207ml,7UP Lite,
207ml-Mirinda Orange ,207ml,Mirinda Orange ,
207ml-Pepsi,207ml,Pepsi,
300ml-7 Up,300ml,7 Up,
300ml-7UP Lite,300ml,7UP Lite,
300ml-Evervess Soda,300ml,Evervess Soda,
300ml-Mirinda Orange ,300ml,Mirinda Orange ,
300ml-Mountain Dew,300ml,Mountain Dew,
300ml-Pepsi,300ml,Pepsi,
400ml-Cream Soda,400ml,Cream Soda,
400ml-Ginger Beer,400ml,Ginger Beer,
400ml-Zingo,400ml,Zingo,
250ml-STING,250ml,STING,
500ml-7 Up,500ml,7 Up,
500ml-7UP Lite,500ml,7UP Lite,
500ml-Cream Soda,500ml,Cream Soda,
500ml-Evervess Soda,500ml,Evervess Soda,
500ml-Ginger Beer,500ml,Ginger Beer,
500ml-Mirinda Orange ,500ml,Mirinda Orange ,
500ml-Mountain Dew,500ml,Mountain Dew,
500ml-Pepsi,500ml,Pepsi,
500ml-Zingo,500ml,Zingo,
1000ml-7 Up,1000ml,7 Up,
1000ml-Cream Soda,1000ml,Cream Soda,
1000ml-Evervess Soda,1000ml,Evervess Soda,
1000ml-Ginger Beer,1000ml,Ginger Beer,
1000ml-Mirinda Orange ,1000ml,Mirinda Orange ,
1000ml-Mountain Dew,1000ml,Mountain Dew,
1000ml-Pepsi,1000ml,Pepsi,
1000ml-Zingo,1000ml,Zingo,
1500ml-7 Up,1500ml,7 Up,
1500ml-7UP Lite,1500ml,7UP Lite,
1500ml-Cream Soda,1500ml,Cream Soda,
1500ml-Evervess Soda,1500ml,Evervess Soda,
1500ml-Ginger Beer,1500ml,Ginger Beer,
1500ml-Mirinda Orange ,1500ml,Mirinda Orange ,
1500ml-Mountain Dew,1500ml,Mountain Dew,
1500ml-Pepsi,1500ml,Pepsi,
1500ml-Zingo,1500ml,Zingo,
2000ml-7 Up,2000ml,7 Up,
2000ml-Cream Soda,2000ml,Cream Soda,
2000ml-Ginger Beer,2000ml,Ginger Beer,
2000ml-Mirinda Orange ,2000ml,Mirinda Orange ,
2000ml-Mountain Dew,2000ml,Mountain Dew,
2000ml-Pepsi,2000ml,Pepsi,
2000ml-Zingo,2000ml,Zingo,
250ml - CANS-7 Up,250ml - CANS,7 Up,
250ml - CANS-Evervess Soda,250ml - CANS,Evervess Soda,
250ml - CANS-Mirinda Orange ,250ml - CANS,Mirinda Orange ,
250ml - CANS-Mountain Dew,250ml - CANS,Mountain Dew,
250ml - CANS-Pepsi,250ml - CANS,Pepsi,
250ml - CANS-Pepsi,250ml - CANS,Pepsi,
250ml - CANS-Pepsi Black,250ml - CANS,Pepsi Black,
250ml - CANS-STING,250ml - CANS,STING,
BIB - 10-7 Up,BIB - 10,7 Up,
BIB - 10-Cream Soda,BIB - 10,Cream Soda,
BIB - 10-Ginger Beer,BIB - 10,Ginger Beer,
BIB - 10-Mirinda Orange ,BIB - 10,Mirinda Orange ,
BIB - 10-Mountain Dew,BIB - 10,Mountain Dew,
BIB - 20-Pepsi,BIB - 20,Pepsi,
500ml-Aquafina,500ml,Aquafina,
1000ml-Aquafina,1000ml,Aquafina,
1500ml-Aquafina,1500ml,Aquafina,
20000ml-Aquafina,20000ml,Aquafina,
