Item,Pack,Brand,Amount
7 up 1.0 Ltrs,1000ml,7 Up,100
7UP 1.5ml Wrap 12 Pack,1500ml,7 Up,200
7 up 2.0 Ltrs,2000ml,7 Up,300
7 UP 200ml (CHAMP),200ml,7 Up,400
7UP 207ml (CHAMP),207ml,7 Up,500
7 up 2.25 Ltrs x 6,2250ml,7 Up,600
7 up 2.25 Ltrs x 8,2250ml,7 Up,601
7 UP 250 ML CANS,250ml - CANS,7 Up,602
7UP 300ml,300ml,7 Up,603
7 UP 330 ML CANS,330ml,7 Up,604
7UP 330ml x 24,330ml - CANS,7 Up,605
7 UP 345ml x 24,345ml,7 Up,606
7UP 500ml Wrapper Pack,500ml,7 Up,607
7UP 750ml 24x,750ml,7 Up,608
POSTMIX 7Up 05 ltr,BIB - 05,7 Up,609
POSTMIX 7Up 10ltr,BIB - 10,7 Up,610
POSTMIX 7Up 20Ltr,BIB - 20,7 Up,611
POSTMIX 7Up 19Lt,PMX,7 Up,612
7UP Lite 1500ml PET x 12,1500ml,7UP Lite,613
7UP Lite 200ml PET x 24,200ml,7UP Lite,614
7UP Lite 207ml PET x 24,207ml,7UP Lite,615
7UP Lite 300ml RGB x24,300ml,7UP Lite,616
7UP Lite 500ml PET x 24,500ml,7UP Lite,617
AQUAFINA PET 1.0,1000ml,Aquafina,618
AQUAFINA PET 1.0 x 12,1000ml,Aquafina,619
AQUAFINA PET 1.0 x 15,1000ml,Aquafina,620
AQUAFINA PET 1.5,1500ml,Aquafina,621
AQUAFINA BULK 20L JAR,20000ml,Aquafina,622
AQUAFINA PET 2.0 x 9,2000ml,Aquafina,623
AQUAFINA PET 500ML,500ml,Aquafina,624
AQUAFINA PET 500ML x 24,500ml,Aquafina,625
AQUAFINA PET 500ML x 20,500ml,Aquafina,626
CREAM SODA 1.0 Ltr,1000ml,Cream Soda,627
C/ Soda 1.5ml Wrap 12 Pack,1500ml,Cream Soda,628
CREAM SODA 2.0 Ltr,2000ml,Cream Soda,629
CREAM SODA 200ML,200ml,Cream Soda,630
Cream Soda 2.25 Ltrs x 8,2250ml,Cream Soda,631
CREAM SODA  330ml PET,330ml,Cream Soda,632
Cream Soda 345ml x 24,345ml,Cream Soda,633
CREAM SODA 400ML,400ml,Cream Soda,634
Cream Soda 500ML Wrapper Pack,500ml,Cream Soda,635
Cream Soda 750ml x 24,750ml,Cream Soda,636
POSTMIX Ole Cream Soda 05Ltr,BIB - 05,Cream Soda,637
Cream Soda Pmix BIB 10 Ltr,BIB - 10,Cream Soda,638
Cream Soda Pmix BIB 20 Ltr,BIB - 20,Cream Soda,639
CREAMSODA POSTMIX,PMX,Cream Soda,640
DUKE'S SODA 400ML,400ml,Duke Soda,641
Evervess Soda 1000ml x 12,1000ml,Evervess Soda,642
Evervess Soda 1500ml x 12,1500ml,Evervess Soda,643
Evervess Soda Cans 250ml x 24,250ml - CANS,Evervess Soda,644
Evervess Soda 300ml x 24,300ml,Evervess Soda,645
Evervess Soda 345ml x 24,345ml,Evervess Soda,646
Evervess Soda 500ml x 24,500ml,Evervess Soda,647
Ginger Beer 1000ml x 12,1000ml,Ginger Beer,648
Ginger Beer 1500ml Wrapper Pac,1500ml,Ginger Beer,649
GINGER  BEER 2.0 Ltr,2000ml,Ginger Beer,650
GINGER  BEER    200ml,200ml,Ginger Beer,651
GINGER  BEER  330ml PET,330ml,Ginger Beer,652
Ginger Beer 345ml x 24,345ml,Ginger Beer,653
GINGER BEER 400ml,400ml,Ginger Beer,654
Ginger Beer - 500ml -PET- x24,500ml,Ginger Beer,655
Ginger Beer 750ml x 24,750ml,Ginger Beer,656
POSTMIX Ginger Beer 05 ltr,BIB - 05,Ginger Beer,657
Ginger Beer Pmix BIB 10 Ltr,BIB - 10,Ginger Beer,658
Ginger Beer Pmix BIB 20 Ltr,BIB - 20,Ginger Beer,659
POSTMIX GINGER BEER 19Lt,PMX,Ginger Beer,660
Mirinda 1.0 Ltrs,1000ml,Mirinda Orange ,661
MIR 1.5ML Wrap 12 Pack,1500ml,Mirinda Orange ,662
Mirinda 2.0 Ltrs,2000ml,Mirinda Orange ,663
MIRINDA 200ml (CHAMP),200ml,Mirinda Orange ,664
MIRINDA 207ML (CHAMP),207ml,Mirinda Orange ,665
Mirinda 2.25 Ltrs x 6,2250ml,Mirinda Orange ,666
Mirinda 2.25 Ltrs x 8,2250ml,Mirinda Orange ,667
MIRINDA 250 ML CANS-ORANGE,250ml - CANS,Mirinda Orange ,668
MIRINDA 300ml,300ml,Mirinda Orange ,669
MIRINDA 330 ML CANS-ORANGE,330ml,Mirinda Orange ,670
Mirinda 330ml x 24,330ml - CANS,Mirinda Orange ,671
Mirinda 345ml x 24,345ml,Mirinda Orange ,672
Mir.  500ml  Wrap 24 Pack,500ml,Mirinda Orange ,673
Mirinda 750ml 24x,750ml,Mirinda Orange ,674
POSTMIX MIRINDA 05Ltr,BIB - 05,Mirinda Orange ,675
POSTMIX MIRINDA 10Ltr,BIB - 10,Mirinda Orange ,676
POSTMIX MIRINDA 20ltr,BIB - 20,Mirinda Orange ,677
POSTMIX MIRINDA 19Lt,PMX,Mirinda Orange ,678
Mountain Dew - 1000ml x 12,1000ml,Mountain Dew,679
Mountain Dew - 1500ml x 12,1500ml,Mountain Dew,680
MOUNTAIN DEW 2000ml x 8,2000ml,Mountain Dew,681
MOUNTAIN DEW 200ml,200ml,Mountain Dew,682
Mountain Dew 2.25 Ltrs x 8,2250ml,Mountain Dew,683
MOUNTAIN DEW CANS 250ML,250ml - CANS,Mountain Dew,684
MOUNTAIN DEW 300ml x 24,300ml,Mountain Dew,685
Mountain Dew 345ml x 24,345ml,Mountain Dew,686
Mountain Dew 345ml x 24,345ml,Mountain Dew,687
MOUNTAIN DEW 500ml,500ml,Mountain Dew,688
Mountain Dew - 750ml 24x,750ml,Mountain Dew,689
MOUNTAIN DEW 10 L BIB,BIB - 10,Mountain Dew,690
MOUNTAIN DEW 20 L BIB,BIB - 20,Mountain Dew,691
Ole Soda 1500ml Wrapper Pack,1500ml,Ole Soda,692
Ole Soda 330ml Pet,330ml,Ole Soda,693
OLE SODA 400ML,400ml,Ole Soda,694
Ole Soda 500ml Wrapper Pack,500ml,Ole Soda,695
Pepsi 1.0 Ltrs,1000ml,Pepsi,696
PEPSI 1.5ml Wrap 12 Pack,1500ml,Pepsi,697
Pepsi 2.0 Ltrs,2000ml,Pepsi,698
PEPSI 200ml (CHAMP),200ml,Pepsi,699
PEPSI 207ml (CHAMP),207ml,Pepsi,700
Pepsi 2.25 Ltrs x 6,2250ml,Pepsi,701
Pepsi 2.25 Ltrs x 8,2250ml,Pepsi,702
PEPSI 250 ML CANS,250ml - CANS,Pepsi,703
DIET PEPSI 250 ML CANS,250ml - CANS,Pepsi,704
PEPSI 300ml,300ml,Pepsi,705
Pepsi 330ml x 24,330ml,Pepsi,706
PEPSI 330 ML CANS,330ml,Pepsi,707
DIET PEPSI 330 ML CANS,330ml - CANS,Pepsi,708
Pepsi 345ml x 24,345ml,Pepsi,709
Pepsi 500ml wrapper pack,500ml,Pepsi,710
Pepsi 750ml 24x,750ml,Pepsi,711
POSTMIX PEPSI 10 ltr,BIB - 10,Pepsi,712
POSTMIX PEPSI 20ltf,BIB - 20,Pepsi,713
Pepsi Black - 1500ml x 12,1500ml,Pepsi Black,714
Pepsi Black 200ml RGB x 24,200ml,Pepsi Black,715
Pepsi Black 250ml CAN x 24,250ml - CANS,Pepsi Black,716
Pepsi Black 345ml PET x 24,345ml,Pepsi Black,717
Pepsi Black 500ml PET x 24,500ml,Pepsi Black,718
Pepsi Black 10 BIB,BIB - 10,Pepsi Black,719
POSTMIX PEPSI 19Lt,PMX,Pepsi,720
STING  200ML GRB x24,200ml,STING,721
STING  250ML PET x24,250ml,STING,722
STING  250ML CAN x24,250ml - CANS,STING,723
TROP MANGO PET 1.0L,1000ml,TROP MANGO,724
TROP MANGO PET 200ML,200ml,TROP MANGO,725
TROP MANGO PET 500ML,500ml,TROP MANGO,726
TROP MIX FRUIT PET 1.0L,1000ml,TROP MIX FRUIT,727
TROP MIX FRUIT PET 200ML,200ml,TROP MIX FRUIT,728
TROP MIX FRUIT PET 500ML,500ml,TROP MIX FRUIT,729
TROP ORANGE PET 1.0L,1000ml,TROP ORANGE,730
TROP ORANGE PET 200ML,200ml,TROP ORANGE,731
TROP ORANGE PET 500ML,500ml,TROP ORANGE,732
ZINGO  1.0 Ltr,1000ml,Zingo,733
Zingo  1500ml Wrapper Pack,1500ml,Zingo,734
ZINGO  2.0 Ltr,2000ml,Zingo,735
ZINGO  200ML,200ml,Zingo,736
ZINGO  330ml PET,330ml,Zingo,737
Zingo 345ml x 24,345ml,Zingo,738
ZINGO 400ml,400ml,Zingo,739
Zingo - 500ml -PET- x24,500ml,Zingo,740
Zingo 750ml x 24,750ml,Zingo,741
